dm10[GeV], efficiency
50, 0.0017368421052631582
69.93788819875776, 0.007631578947368423
90.06211180124222, 0.012526315789473687
110, 0.012894736842105266
140, 0.00842105263157895
