dm10[GeV], evs[100fb-1]
50, 14.285714285714334
69.8582995951417, 100.71428571428578
89.89878542510121, 145.7142857142857
110.12145748987854, 179.28571428571428
140, 123.57142857142858


